gemeentecode,gemeentenaam,inwoners,pct_65plus,pct_65_80,pct_80plus,n_65plus,n_65plus_met_valrisico,n_65plus_at_risk_met_visusproblematiek,n_vallen_65plus,potentieel_vallen_door_visusproblematiek_65plus,sterfgevallen_door_visusproblematiek_65plus,kosten_ernstige_vallen_65plus,kosten_ernstige_vallen_visusproblematiek_65plus,n_65_80,n_65_80_met_valrisico,n_65_80_at_risk_met_visusproblematiek,n_vallen_65_80,potentieel_vallen_door_visusproblematiek_65_80,sterfgevallen_door_visusproblematiek_65_80,kosten_ernstige_vallen_65_80,kosten_ernstige_vallen_visusproblematiek_65_80,n_80plus,n_80plus_met_valrisico,n_80plus_at_risk_met_visusproblematiek,n_vallen_80plus,potentieel_vallen_door_visusproblematiek_80plus,sterfgevallen_door_visusproblematiek_80plus,kosten_ernstige_vallen_80plus,kosten_ernstige_vallen_visusproblematiek_80plus
14,Groningen,245250,0.156,0.11900000000000001,0.037000000000000005,38259,12625,2525,9090,2357,10,9925199,514713,29185,9631,1926,6934,1798,8,7571453,392640,9074,2994,599,2156,559,2,2353746,122072
34,Almere,232102,0.142,0.11900000000000001,0.023,32958,10876,2175,7830,2030,9,8550215,443304,27620,9115,1823,6563,1702,8,7165797,371676,5338,1762,352,1267,328,1,1385204,71627
37,Stadskanaal,32174,0.266,0.19399999999999998,0.07200000000000001,8558,2824,565,2034,527,2,2220100,115084,6242,2060,412,1483,384,2,1619478,83856,2317,765,153,551,143,1,601408,31228
47,Veendam,27819,0.243,0.183,0.06,6760,2231,446,1606,416,2,1753910,90845,5091,1680,336,1210,314,1,1320739,68570,1669,551,110,396,103,0,433171,22493
50,Zeewolde,24579,0.16399999999999998,0.131,0.033,4031,1330,266,958,248,1,1045585,54157,3220,1063,213,767,199,1,835682,43457,811,268,54,194,50,0,210689,10919
59,Achtkarspelen,28270,0.223,0.172,0.052000000000000005,6304,2080,416,1498,388,2,1635201,84730,4862,1604,321,1156,300,1,1260992,65513,1470,485,97,349,90,0,381285,19654
60,Ameland,3847,0.256,0.18899999999999997,0.067,985,325,65,234,61,0,255500,13321,727,240,48,173,45,0,188677,9827,258,85,17,61,16,0,66823,3494
72,Harlingen,16260,0.275,0.20600000000000002,0.068,4472,1476,295,1062,275,1,1160364,60053,3350,1106,221,796,206,1,869487,44986,1106,365,73,263,68,0,286946,14850
74,Heerenveen,51966,0.237,0.172,0.064,12316,4064,813,2927,759,3,3194931,165748,8938,2950,590,2124,551,2,2319155,120325,3326,1098,220,792,205,1,863198,44767
80,Leeuwarden,130174,0.198,0.15,0.047,25774,8505,1701,6124,1588,7,6686243,346781,19526,6444,1289,4640,1203,5,5065979,262707,6118,2019,404,1454,377,2,1587246,82328
85,Ooststellingwerf,25909,0.265,0.19899999999999998,0.066,6866,2266,453,1631,423,2,1781426,92373,5156,1701,340,1224,317,1,1337249,69225,1710,564,113,407,106,0,443391,23148
86,Opsterland,30067,0.243,0.183,0.06,7306,2411,482,1735,450,2,1895418,98269,5502,1816,363,1307,339,2,1427656,74030,1804,595,119,428,111,0,467762,24240
88,Schiermonnikoog,977,0.314,0.22699999999999998,0.08800000000000001,307,101,20,72,19,0,79402,4149,222,73,15,54,14,0,57389,3057,86,28,6,22,6,0,22012,1310
90,Smallingerland,57278,0.226,0.165,0.061,12945,4272,854,3074,797,4,3358452,174046,9451,3119,624,2246,582,3,2452016,127095,3494,1153,231,832,216,1,906436,47169
93,Terschelling,4865,0.25,0.185,0.065,1216,401,80,288,75,0,315248,16378,900,297,59,212,55,0,233488,12011,316,104,21,76,20,0,81760,4368
96,Vlieland,1223,0.222,0.16899999999999998,0.053,272,90,18,65,17,0,70754,3712,207,68,14,50,13,0,53458,2839,65,21,4,14,4,0,16509,874
98,Weststellingwerf,26661,0.26,0.19,0.069,6932,2288,458,1649,428,2,1798721,93465,5066,1672,334,1202,312,1,1314450,68133,1840,607,121,436,113,1,477196,24677
106,Assen,70852,0.22,0.166,0.054000000000000006,15587,5144,1029,3704,960,4,4043978,209641,11761,3881,776,2794,724,3,3051065,158104,3826,1263,253,911,236,1,992913,51537
109,Coevorden,35746,0.26899999999999996,0.20199999999999999,0.067,9616,3173,635,2286,593,3,2494468,129497,7221,2383,477,1717,445,2,1873406,97177,2395,790,158,569,148,1,621062,32320
114,Emmen,109821,0.24600000000000002,0.18600000000000003,0.06,27016,8915,1783,6419,1664,7,7008566,363378,20427,6741,1348,4853,1258,6,5299467,274717,6589,2174,435,1566,406,2,1709100,88661
118,Hoogeveen,56870,0.231,0.17,0.061,13137,4335,867,3121,809,4,3407979,176666,9668,3190,638,2297,596,3,2507833,130152,3469,1145,229,824,214,1,900147,46733
119,Meppel,36546,0.212,0.16,0.052000000000000005,7748,2557,511,1840,477,2,2010197,104165,5847,1930,386,1390,360,2,1517278,78615,1900,627,125,450,117,1,492919,25550
141,Almelo,75025,0.209,0.157,0.052000000000000005,15680,5174,1035,3726,966,4,4067563,210951,11779,3887,777,2797,725,3,3055782,158323,3901,1287,257,925,240,1,1011781,52410
147,Borne,24994,0.231,0.17,0.06,5774,1905,381,1372,356,2,1497624,77742,4249,1402,280,1008,261,1,1102188,56996,1500,495,99,356,92,0,389146,20091
148,Dalfsen,30254,0.231,0.172,0.059000000000000004,6989,2306,461,1660,430,2,1812872,93902,5204,1717,343,1235,320,1,1349827,69880,1785,589,118,425,110,0,463045,24021
150,Deventer,105029,0.195,0.14800000000000002,0.048,20481,6759,1352,4867,1262,6,5313618,275591,15544,5130,1026,3694,958,4,4032972,209204,5041,1664,333,1199,311,1,1308161,67915
153,Enschede,162969,0.18600000000000003,0.14,0.047,30312,10003,2001,7204,1868,8,7863902,407927,22816,7529,1506,5422,1406,6,5918956,307037,7660,2528,506,1822,472,2,1987398,103074
158,Haaksbergen,24311,0.261,0.18899999999999997,0.07200000000000001,6345,2094,419,1508,391,2,1646207,85385,4595,1516,303,1091,283,1,1191810,61800,1750,578,116,418,108,0,454397,23585
160,Hardenberg,63939,0.20600000000000002,0.157,0.05,13171,4346,869,3128,811,4,3416627,177103,10038,3313,663,2387,619,3,2604529,135175,3197,1055,211,760,197,1,829393,43020
163,Hellendoorn,36322,0.243,0.183,0.06,8826,2913,583,2099,544,2,2290068,118797,6647,2194,439,1580,410,2,1724823,89534,2179,719,144,518,134,1,565245,29262
164,Hengelo (O),84054,0.212,0.157,0.054000000000000006,17819,5880,1176,4234,1098,5,4622588,239777,13196,4355,871,3136,813,4,3423702,177540,4539,1498,300,1080,280,1,1177659,61145
166,Kampen,56804,0.183,0.138,0.045,10395,3430,686,2470,640,3,2696510,139761,7839,2587,517,1861,482,2,2033781,105257,2556,843,169,608,158,1,662728,34503
168,Losser,23414,0.257,0.198,0.059000000000000004,6017,1986,397,1429,370,2,1561303,80799,4636,1530,306,1102,286,1,1202816,62456,1381,456,91,328,85,0,358486,18562
171,Noordoostpolder,51824,0.191,0.147,0.044000000000000004,9898,3266,653,2351,610,3,2567580,133209,7618,2514,503,1811,470,2,1976392,102637,2280,752,150,540,140,1,591188,30573
173,Oldenzaal,32088,0.253,0.18600000000000003,0.067,8118,2679,536,1930,500,2,2106108,109188,5968,1969,394,1418,368,2,1547938,80362,2150,710,142,511,132,1,558170,28826
175,Ommen,19296,0.244,0.187,0.057999999999999996,4708,1554,311,1120,290,1,1221684,63329,3608,1191,238,857,222,1,936310,48480,1119,369,74,266,69,0,290091,15068
177,Raalte,38977,0.251,0.18899999999999997,0.063,9783,3228,646,2326,603,3,2537706,131681,7367,2431,486,1750,454,2,1911141,99143,2456,810,162,583,151,1,636785,32975
180,Staphorst,18169,0.16399999999999998,0.125,0.039,2980,983,197,709,184,1,772790,40181,2271,749,150,540,140,1,588830,30573,709,234,47,169,44,0,183960,9609
183,Tubbergen,21636,0.223,0.16699999999999998,0.055,4825,1592,318,1145,297,1,1251558,64858,3613,1192,238,857,222,1,937096,48480,1190,393,79,284,74,0,308959,16160
184,Urk,22389,0.107,0.083,0.024,2396,791,158,569,148,1,621848,32320,1858,613,123,443,115,1,481913,25113,537,177,35,126,33,0,139149,7206
189,Wierden,25504,0.22899999999999998,0.16899999999999998,0.06,5840,1927,385,1386,359,2,1514920,78397,4310,1422,284,1022,265,1,1117912,57870,1530,505,101,364,94,0,397008,20527
193,Zwolle,134089,0.17300000000000001,0.131,0.042,23197,7655,1531,5512,1429,6,6018012,312060,17566,5797,1159,4172,1082,5,4557337,236283,5632,1859,372,1339,347,2,1461461,75777
197,Aalten,27566,0.247,0.187,0.06,6809,2247,449,1616,419,2,1766489,91500,5155,1701,340,1224,317,1,1337249,69225,1654,546,109,392,102,0,429240,22274
200,Apeldoorn,169143,0.225,0.16899999999999998,0.055999999999999994,38057,12559,2512,9043,2344,10,9873313,511874,28585,9433,1887,6793,1761,8,7415794,384561,9472,3126,625,2250,583,3,2457519,127313
202,Arnhem,171916,0.165,0.128,0.037000000000000005,28366,9361,1872,6739,1747,8,7359191,381503,22005,7262,1452,5227,1355,6,5709053,295900,6361,2099,420,1512,392,2,1650138,85603
203,Barneveld,63668,0.17800000000000002,0.13,0.048,11333,3740,748,2693,698,3,2940217,152427,8277,2731,546,1966,510,2,2146988,111372,3056,1008,202,727,188,1,792444,41055
209,Beuningen,26868,0.226,0.179,0.047,6072,2004,401,1444,374,2,1575453,81673,4809,1587,317,1141,296,1,1247627,64639,1263,417,83,299,78,0,327826,17033
213,Brummen,21554,0.27399999999999997,0.20199999999999999,0.07200000000000001,5906,1949,390,1404,364,2,1532215,79489,4354,1437,287,1033,268,1,1129704,58525,1552,512,102,367,95,0,402511,20746
214,Buren,28045,0.221,0.175,0.046,6198,2045,409,1472,382,2,1607686,83420,4908,1620,324,1166,302,1,1273570,65950,1290,426,85,306,79,0,334902,17252
216,Culemborg,30387,0.20800000000000002,0.161,0.047,6320,2086,417,1501,389,2,1639918,84948,4892,1614,323,1163,302,1,1268853,65950,1428,471,94,338,88,0,370279,19217
221,Doesburg,11192,0.292,0.22699999999999998,0.065,3268,1078,216,778,202,1,847474,44112,2541,839,168,605,157,1,659584,34285,727,240,48,173,45,0,188677,9827
222,Doetinchem,60371,0.228,0.174,0.054000000000000006,13765,4542,908,3269,848,4,3570713,185183,10505,3467,693,2495,647,3,2725597,141289,3260,1076,215,774,201,1,845902,43894
225,Druten,19983,0.22,0.17300000000000001,0.047,4396,1451,290,1044,271,1,1140710,59180,3457,1141,228,821,213,1,897002,46514,939,310,62,223,58,0,243708,12666
226,Duiven,24881,0.22699999999999998,0.17800000000000002,0.049,5648,1864,373,1343,348,2,1465392,75995,4429,1462,292,1051,272,1,1149358,59398,1219,402,80,288,75,0,316034,16378
228,Ede,125049,0.196,0.147,0.05,24510,8088,1618,5825,1510,7,6358417,329748,18382,6066,1213,4367,1132,5,4768813,247202,6252,2063,413,1487,386,2,1621837,84293
230,Elburg,23981,0.212,0.159,0.053,5084,1678,336,1210,314,1,1319167,68570,3813,1258,252,907,235,1,988982,51318,1271,419,84,302,78,0,329399,17033
232,Epe,33746,0.27,0.198,0.073,9111,3007,601,2164,561,2,2363966,122509,6682,2205,441,1588,412,2,1733470,89971,2463,813,163,587,152,1,639144,33193
233,Ermelo,28209,0.249,0.18100000000000002,0.068,7024,2318,464,1670,433,2,1822306,94557,5106,1685,337,1213,314,1,1324670,68570,1918,633,127,457,118,1,497636,25768
243,Harderwijk,50560,0.2,0.152,0.048,10112,3337,667,2401,622,3,2623397,135830,7685,2536,507,1825,473,2,1993688,103292,2427,801,160,576,149,1,629710,32538
244,Hattem,12821,0.23,0.16699999999999998,0.063,2949,973,195,702,182,1,764928,39744,2141,707,141,508,132,1,555811,28826,808,267,53,191,50,0,209903,10919
246,Heerde,19296,0.255,0.188,0.067,4920,1624,325,1170,303,1,1276715,66168,3628,1197,239,860,223,1,941027,48698,1293,427,85,306,79,0,335688,17252
252,Heumen,16980,0.265,0.19399999999999998,0.071,4500,1485,297,1069,277,1,1167439,60490,3294,1087,217,781,202,1,854550,44112,1206,398,80,288,75,0,312889,16378
262,Lochem,34245,0.303,0.22,0.083,10376,3424,685,2466,639,3,2691793,139542,7534,2486,497,1789,464,2,1954380,101327,2842,938,188,677,176,1,737413,38434
263,Maasdriel,26267,0.21100000000000002,0.16699999999999998,0.045,5542,1829,366,1318,342,2,1437876,74685,4387,1448,290,1044,271,1,1138352,59180,1182,390,78,281,73,0,306600,15941
267,Nijkerk,46191,0.2,0.151,0.05,9238,3049,610,2196,569,3,2396985,124256,6975,2302,460,1656,429,2,1809727,93683,2310,762,152,547,142,1,599050,31009
268,Nijmegen,189717,0.16899999999999998,0.131,0.038,32062,10580,2116,7618,1975,9,8317513,431293,24853,8201,1640,5904,1531,7,6447252,334334,7209,2379,476,1714,444,2,1870261,96959
269,Oldebroek,24507,0.21,0.16,0.05,5146,1698,340,1224,317,1,1334890,69225,3921,1294,259,932,242,1,1017284,52847,1225,404,81,292,76,0,317606,16597
273,Putten,25049,0.221,0.159,0.062,5536,1827,365,1314,341,2,1436304,74466,3983,1314,263,947,246,1,1033007,53721,1553,512,102,367,95,0,402511,20746
274,Renkum,31452,0.297,0.21,0.087,9341,3083,617,2221,576,3,2423714,125785,6605,2180,436,1570,407,2,1713817,88879,2736,903,181,652,169,1,709897,36906
275,Rheden,43951,0.272,0.19,0.08199999999999999,11955,3945,789,2840,736,3,3101379,160725,8351,2756,551,1984,514,2,2166641,112245,3604,1189,238,857,222,1,934738,48480
277,Rozendaal,1841,0.233,0.18,0.053,429,142,28,101,26,0,111634,5678,331,109,22,79,20,0,85691,4368,98,32,6,22,6,0,25157,1310
279,Scherpenzeel,10641,0.2,0.145,0.055,2128,702,140,504,131,1,551880,28607,1543,509,102,367,95,0,400153,20746,585,193,39,140,36,0,151728,7862
281,Tiel,42581,0.2,0.154,0.046,8516,2810,562,2023,524,2,2209094,114429,6557,2164,433,1559,404,2,1701238,88224,1959,646,129,464,120,1,507856,26205
285,Voorst,25572,0.261,0.19899999999999998,0.062,6674,2202,440,1584,411,2,1731112,89753,5089,1679,336,1210,314,1,1319953,68570,1585,523,105,378,98,0,411159,21401
289,Wageningen,42946,0.16899999999999998,0.125,0.044000000000000004,7258,2395,479,1724,447,2,1882840,97614,5368,1771,354,1274,330,1,1392279,72064,1890,624,125,450,117,1,490560,25550
293,Westervoort,15231,0.23600000000000002,0.193,0.043,3595,1186,237,853,221,1,932379,48261,2940,970,194,698,181,1,762570,39526,655,216,43,155,40,0,169809,8735
294,Winterswijk,29302,0.258,0.192,0.066,7560,2495,499,1796,466,2,1961455,101763,5626,1857,371,1336,346,2,1459889,75558,1934,638,128,461,120,1,501567,26205
296,Wijchen,42054,0.23600000000000002,0.182,0.055,9925,3275,655,2358,611,3,2574656,133428,7654,2526,505,1818,471,2,1985826,102855,2313,763,153,551,143,1,599836,31228
297,Zaltbommel,30631,0.19399999999999998,0.147,0.047,5942,1961,392,1411,366,2,1541649,79926,4503,1486,297,1069,277,1,1168225,60490,1440,475,95,342,89,0,373423,19435
299,Zevenaar,45528,0.254,0.192,0.062,11564,3816,763,2747,712,3,2999965,155484,8741,2885,577,2077,538,2,2268055,117486,2823,932,186,670,174,1,732696,37997
301,Zutphen,49332,0.253,0.196,0.057,12481,4119,824,2966,769,3,3238170,167931,9669,3191,638,2297,596,3,2508619,130152,2812,928,186,670,174,1,729551,37997
302,Nunspeet,29681,0.21899999999999997,0.163,0.057,6500,2145,429,1544,400,2,1686301,87350,4838,1597,319,1148,298,1,1255489,65076,1692,558,112,403,104,0,438674,22711
303,Dronten,45359,0.192,0.147,0.046,8709,2874,575,2070,537,2,2259408,117268,6668,2200,440,1584,411,2,1729540,89753,2087,689,138,497,129,1,541660,28171
307,Amersfoort,163937,0.16699999999999998,0.128,0.039,27377,9034,1807,6505,1686,7,7102119,368182,20984,6925,1385,4986,1293,6,5444119,282360,6394,2110,422,1519,394,2,1658786,86040
308,Baarn,25370,0.255,0.182,0.073,6469,2135,427,1537,398,2,1678440,86914,4617,1524,305,1098,285,1,1198099,62237,1852,611,122,439,114,1,480340,24895
310,De Bilt,43763,0.248,0.172,0.076,10853,3581,716,2578,668,3,2815219,145875,7527,2484,497,1789,464,2,1952808,101327,3326,1098,220,792,205,1,863198,44767
312,Bunnik,16410,0.22699999999999998,0.16,0.067,3725,1229,246,886,230,1,966184,50227,2626,867,173,623,162,1,681596,35377,1099,363,73,263,68,0,285374,14850
313,Bunschoten,22836,0.17600000000000002,0.133,0.043,4019,1326,265,954,247,1,1042441,53939,3037,1002,200,720,187,1,787727,40836,982,324,65,234,61,0,254714,13321
317,Eemnes,10105,0.228,0.174,0.054000000000000006,2304,760,152,547,142,1,597477,31009,1758,580,116,418,108,0,455970,23585,546,180,36,130,34,0,141508,7425
321,Houten,50945,0.196,0.162,0.034,9985,3295,659,2372,615,3,2590379,134301,8253,2723,545,1962,509,2,2140698,111153,1732,572,114,410,106,0,449680,23148
327,Leusden,32179,0.243,0.184,0.059000000000000004,7819,2580,516,1858,482,2,2028278,105257,5921,1954,391,1408,365,2,1536146,79707,1899,627,125,450,117,1,492919,25550
331,Lopik,14780,0.19399999999999998,0.151,0.043,2867,946,189,680,176,1,743702,38434,2232,737,147,529,137,1,579396,29918,636,210,42,151,39,0,165092,8517
335,Montfoort,13780,0.218,0.16399999999999998,0.054000000000000006,3004,991,198,713,185,1,779079,40400,2260,746,149,536,139,1,586471,30354,744,246,49,176,46,0,193394,10045
339,Renswoude,5885,0.16899999999999998,0.135,0.035,995,328,66,238,62,0,257859,13539,794,262,52,187,48,0,205972,10482,206,68,14,50,13,0,53458,2839
340,Rhenen,20476,0.22899999999999998,0.168,0.061,4689,1547,309,1112,288,1,1216181,62892,3440,1135,227,817,212,1,892285,46296,1249,412,82,295,76,0,323896,16597
342,Soest,47920,0.23800000000000002,0.17300000000000001,0.065,11405,3764,753,2711,703,3,2959085,153518,8290,2736,547,1969,510,2,2150918,111372,3115,1028,206,742,192,1,808167,41928
344,Utrecht,378118,0.11,0.084,0.026000000000000002,41593,13726,2745,9882,2562,11,10790755,559480,31762,10481,2096,7546,1956,9,8239684,427144,9831,3244,649,2336,606,3,2550285,132336
345,Veenendaal,70724,0.192,0.146,0.045,13579,4481,896,3226,836,4,3522758,182563,10326,3408,682,2455,636,3,2679214,138887,3183,1050,210,756,196,1,825462,42802
351,Woudenberg,15033,0.192,0.13699999999999998,0.055,2886,952,190,684,177,1,748419,38653,2060,680,136,490,127,1,534585,27734,827,273,55,198,51,0,214620,11137
352,Wijk bij Duurstede,23736,0.244,0.19699999999999998,0.047,5792,1911,382,1375,356,2,1502341,77742,4676,1543,309,1112,288,1,1213036,62892,1116,368,74,266,69,0,289305,15068
353,IJsselstein,33212,0.204,0.154,0.05,6775,2236,447,1609,417,2,1757841,91063,5115,1688,338,1217,316,1,1327029,69007,1661,548,110,396,103,0,430813,22493
355,Zeist,66691,0.22,0.157,0.063,14672,4842,968,3485,904,4,3806560,197412,10470,3455,691,2488,645,3,2716163,140853,4202,1387,277,997,258,1,1090396,56341
356,Nieuwegein,67954,0.21600000000000003,0.171,0.045,14678,4844,969,3488,904,4,3808132,197412,11620,3835,767,2761,716,3,3014902,156357,3058,1009,202,727,188,1,793230,41055
358,Aalsmeer,33335,0.19399999999999998,0.138,0.055999999999999994,6467,2134,427,1537,398,2,1677653,86914,4600,1518,304,1094,284,1,1193382,62019,1867,616,123,443,115,1,484271,25113
361,Alkmaar,113177,0.214,0.16399999999999998,0.05,24220,7993,1599,5756,1492,7,6283732,325817,18561,6125,1225,4410,1143,5,4815196,249604,5659,1867,373,1343,348,2,1467750,75995
362,Amstelveen,95887,0.195,0.13699999999999998,0.057999999999999996,18698,6170,1234,4442,1152,5,4850573,251569,13137,4335,867,3121,809,4,3407979,176666,5561,1835,367,1321,342,2,1442593,74685
363,Amsterdam,942100,0.139,0.109,0.03,130952,43214,8643,31115,8067,36,33972876,1761641,102689,33887,6777,24397,6325,28,26640414,1381230,28263,9327,1865,6714,1741,8,7332462,380193
373,Bergen (N-H),29620,0.34600000000000003,0.24100000000000002,0.105,10249,3382,676,2434,631,3,2658774,137795,7138,2356,471,1696,440,2,1852180,96086,3110,1026,205,738,191,1,806594,41710
375,Beverwijk,43037,0.19399999999999998,0.147,0.047,8349,2755,551,1984,514,2,2165855,112245,6326,2088,418,1505,390,2,1641490,85167,2023,668,134,482,125,1,525151,27297
376,Blaricum,12947,0.24100000000000002,0.182,0.057999999999999996,3120,1030,206,742,192,1,809739,41928,2356,777,155,558,145,1,610842,31665,751,248,50,180,47,0,194966,10264
377,Bloemendaal,23616,0.27899999999999997,0.19,0.08800000000000001,6589,2174,435,1566,406,2,1709100,88661,4487,1481,296,1066,276,1,1164295,60272,2078,686,137,493,128,1,539302,27952
383,Castricum,37029,0.268,0.192,0.076,9924,3275,655,2358,611,3,2574656,133428,7110,2346,469,1688,438,2,1844318,95649,2814,929,186,670,174,1,730337,37997
384,Diemen,33327,0.161,0.12300000000000001,0.038,5366,1771,354,1274,330,1,1392279,72064,4099,1353,271,976,253,1,1063667,55249,1266,418,84,302,78,0,328613,17033
385,Edam-Volendam,37143,0.228,0.17600000000000002,0.052000000000000005,8469,2795,559,2012,522,2,2197302,113992,6537,2157,431,1552,402,2,1695735,87787,1931,637,127,457,118,1,500780,25768
388,Enkhuizen,18779,0.23199999999999998,0.17600000000000002,0.055999999999999994,4357,1438,288,1037,269,1,1130490,58743,3305,1091,218,785,204,1,857694,44549,1052,347,69,248,64,0,272796,13976
392,Haarlem,169038,0.17600000000000002,0.132,0.044000000000000004,29751,9818,1964,7070,1833,8,7718464,400284,22313,7363,1473,5303,1375,6,5788455,300267,7438,2455,491,1768,458,2,1930009,100016
394,Haarlemmermeer,166669,0.18100000000000002,0.138,0.042,30167,9955,1991,7168,1858,8,7826167,405743,23000,7590,1518,5465,1417,6,5966912,309439,7000,2310,462,1663,431,2,1816017,94120
396,Heemskerk,39488,0.244,0.17600000000000002,0.068,9635,3180,636,2290,594,3,2499971,129715,6950,2294,459,1652,428,2,1803438,93465,2685,886,177,637,165,1,696533,36032
397,Heemstede,27549,0.281,0.18899999999999997,0.092,7741,2555,511,1840,477,2,2008624,104165,5207,1718,344,1238,321,1,1350613,70099,2535,837,167,601,156,1,658011,34067
399,Heiloo,24570,0.27699999999999997,0.193,0.084,6806,2246,449,1616,419,2,1765703,91500,4742,1565,313,1127,292,1,1230332,63766,2064,681,136,490,127,1,535371,27734
400,Den Helder,56673,0.251,0.18899999999999997,0.061,14225,4694,939,3380,876,4,3690209,191298,10711,3535,707,2545,660,3,2779056,144128,3457,1141,228,821,213,1,897002,46514
402,Hilversum,94784,0.18899999999999997,0.13699999999999998,0.053,17914,5912,1182,4255,1103,5,4647745,240869,12985,4285,857,3085,800,4,3368672,174701,5024,1658,332,1195,310,1,1303444,67697
405,Hoorn,76124,0.209,0.162,0.047,15910,5250,1050,3780,980,4,4127311,214009,12332,4070,814,2930,760,3,3199648,165966,3578,1181,236,850,220,1,928448,48043
406,Huizen,41158,0.265,0.19899999999999998,0.066,10907,3599,720,2592,672,3,2829370,146749,8190,2703,541,1948,505,2,2124975,110280,2716,896,179,644,167,1,704394,36469
415,Landsmeer,11718,0.235,0.174,0.061,2754,909,182,655,170,1,714614,37124,2039,673,135,486,126,1,529082,27515,715,236,47,169,44,0,185532,9609
417,Laren,11575,0.325,0.20600000000000002,0.12,3762,1241,248,893,232,1,975618,50663,2384,787,157,565,146,1,618704,31883,1389,458,92,331,86,0,360059,18780
420,Medemblik,46260,0.23399999999999999,0.182,0.052000000000000005,10825,3572,714,2570,666,3,2808143,145439,8419,2778,556,2002,519,2,2183937,113337,2406,794,159,572,148,1,624207,32320
431,Oostzaan,9722,0.225,0.16399999999999998,0.062,2187,722,144,518,134,1,567603,29262,1594,526,105,378,98,0,413517,21401,603,199,40,144,37,0,156445,8080
432,Opmeer,12729,0.23399999999999999,0.17600000000000002,0.057,2979,983,197,709,184,1,772790,40181,2240,739,148,533,138,1,580968,30136,726,240,48,173,45,0,188677,9827
437,Ouder-Amstel,14483,0.223,0.168,0.055,3230,1066,213,767,199,1,838041,43457,2433,803,161,580,150,1,631282,32756,797,263,53,191,50,0,206759,10919
439,Purmerend,96168,0.21600000000000003,0.161,0.055999999999999994,20772,6855,1371,4936,1280,6,5389088,279522,15483,5109,1022,3679,954,4,4016463,208331,5385,1777,355,1278,331,1,1396996,72283
441,Schagen,48751,0.26,0.193,0.067,12675,4183,837,3013,781,3,3288484,170552,9409,3105,621,2236,580,3,2441009,126658,3266,1078,216,778,202,1,847474,44112
448,Texel,13948,0.282,0.215,0.068,3933,1298,260,936,243,1,1020428,53065,2999,990,198,713,185,1,778293,40400,948,313,63,227,59,0,246066,12884
450,Uitgeest,13454,0.207,0.159,0.048,2785,919,184,662,172,1,722476,37561,2139,706,141,508,132,1,555025,28826,646,213,43,155,40,0,167451,8735
451,Uithoorn,32182,0.18899999999999997,0.135,0.054000000000000006,6082,2007,401,1444,374,2,1577812,81673,4345,1434,287,1033,268,1,1127345,58525,1738,574,115,414,107,0,451253,23366
453,Velsen,70372,0.218,0.163,0.055,15341,5063,1013,3647,946,4,3980300,206584,11471,3785,757,2725,706,3,2975594,154174,3870,1277,255,918,238,1,1003919,51974
473,Zandvoort,17328,0.275,0.2,0.075,4765,1572,314,1130,293,1,1235835,63984,3466,1144,229,824,214,1,899361,46733,1300,429,86,310,80,0,337260,17470
479,Zaanstad,164860,0.188,0.139,0.049,30994,10228,2046,7366,1910,8,8040787,417099,22916,7562,1512,5443,1411,6,5944899,308129,8078,2666,533,1919,498,2,2095888,108751
482,Alblasserdam,20251,0.20600000000000002,0.146,0.061,4172,1377,275,990,257,1,1082535,56123,2957,976,195,702,182,1,767287,39744,1235,408,82,295,76,0,320751,16597
484,Alphen aan den Rijn,116905,0.207,0.157,0.049,24199,7986,1597,5749,1490,7,6278229,325381,18354,6057,1211,4360,1130,5,4761737,246765,5728,1890,378,1361,353,2,1485832,77087
489,Barendrecht,48611,0.201,0.151,0.05,9771,3224,645,2322,602,3,2534562,131462,7340,2422,484,1742,452,2,1904066,98706,2431,802,160,576,149,1,630496,32538
498,Drechterland,20547,0.23399999999999999,0.179,0.055,4808,1587,317,1141,296,1,1247627,64639,3678,1214,243,875,227,1,954391,49571,1130,373,75,270,70,0,293236,15286
502,Capelle aan den IJssel,69358,0.223,0.171,0.052000000000000005,15467,5104,1021,3676,953,4,4012532,208113,11860,3914,783,2819,731,3,3077008,159633,3607,1190,238,857,222,1,935524,48480
503,Delft,110201,0.165,0.127,0.038,18183,6000,1200,4320,1120,5,4716926,244581,13996,4619,924,3326,862,4,3631247,188240,4188,1382,276,994,258,1,1086465,56341
505,Dordrecht,123029,0.20199999999999999,0.152,0.05,24852,8201,1640,5904,1531,7,6447252,334334,18700,6171,1234,4442,1152,5,4851359,251569,6151,2030,406,1462,379,2,1595893,82765
512,Gorinchem,39048,0.198,0.14800000000000002,0.05,7732,2552,510,1836,476,2,2006266,103947,5779,1907,381,1372,356,2,1499196,77742,1952,644,129,464,120,1,506283,26205
513,Gouda,77600,0.207,0.154,0.053,16063,5301,1060,3816,989,4,4167404,215974,11950,3944,789,2840,736,3,3100593,160725,4113,1357,271,976,253,1,1066812,55249
518,'s-Gravenhage,568869,0.154,0.11800000000000001,0.036000000000000004,87606,28910,5782,20815,5396,24,22727723,1178358,67127,22152,4430,15948,4135,18,17414892,902986,20479,6758,1352,4867,1262,6,5312831,275591
523,Hardinxveld-Giessendam,19439,0.188,0.13699999999999998,0.051,3655,1206,241,868,225,1,948102,49135,2663,879,176,634,164,1,691030,35814,991,327,65,234,61,0,257072,13321
531,Hendrik-Ido-Ambacht,33090,0.17600000000000002,0.131,0.045,5824,1922,384,1382,358,2,1510989,78179,4335,1431,286,1030,267,1,1124987,58306,1489,491,98,353,92,0,386002,20091
532,Stede Broec,22353,0.23800000000000002,0.18,0.057999999999999996,5320,1756,351,1264,328,1,1380487,71627,4024,1328,266,958,248,1,1044013,54157,1296,428,86,310,80,0,336474,17470
534,Hillegom,23034,0.22,0.16399999999999998,0.057,5067,1672,334,1202,312,1,1314450,68133,3778,1247,249,896,232,1,980335,50663,1313,433,87,313,81,0,340405,17688
537,Katwijk,67252,0.19699999999999998,0.14800000000000002,0.048,13249,4372,874,3146,816,4,3437067,178195,9953,3284,657,2365,613,3,2581731,133865,3228,1065,213,767,199,1,837254,43457
542,Krimpen aan den IJssel,29913,0.24600000000000002,0.171,0.075,7359,2428,486,1750,454,2,1908783,99143,5115,1688,338,1217,316,1,1327029,69007,2243,740,148,533,138,1,581754,30136
546,Leiden,130379,0.16399999999999998,0.127,0.038,21382,7056,1411,5080,1317,6,5547105,287601,16558,5464,1093,3935,1020,5,4295548,222744,4954,1635,327,1177,305,1,1285362,66605
547,Leiderdorp,27926,0.239,0.175,0.064,6674,2202,440,1584,411,2,1731112,89753,4887,1613,323,1163,302,1,1268067,65950,1787,590,118,425,110,0,463831,24021
553,Lisse,23799,0.24600000000000002,0.18,0.066,5855,1932,386,1390,360,2,1518850,78615,4284,1414,283,1019,264,1,1111622,57651,1571,518,104,374,97,0,407228,21182
556,Maassluis,36927,0.228,0.171,0.057,8419,2778,556,2002,519,2,2183937,113337,6315,2084,417,1501,389,2,1638346,84948,2105,695,139,500,130,1,546377,28389
569,Nieuwkoop,29701,0.231,0.175,0.055,6861,2264,453,1631,423,2,1779854,92373,5198,1715,343,1235,320,1,1348255,69880,1634,539,108,389,101,0,423737,22056
575,Noordwijk,46371,0.237,0.179,0.057999999999999996,10990,3627,725,2610,677,3,2851382,147841,8300,2739,548,1973,512,2,2153277,111809,2690,888,178,641,166,1,698105,36250
579,Oegstgeest,26124,0.21600000000000003,0.156,0.06,5643,1862,372,1339,347,2,1463819,75777,4075,1345,269,968,251,1,1057378,54812,1567,517,103,371,96,0,406442,20964
589,Oudewater,10474,0.231,0.16899999999999998,0.061,2419,798,160,576,149,1,627351,32538,1770,584,117,421,109,0,459114,23803,639,211,42,151,39,0,165879,8517
590,Papendrecht,32261,0.23199999999999998,0.16699999999999998,0.065,7485,2470,494,1778,461,2,1941801,100671,5388,1778,356,1282,332,1,1397783,72501,2097,692,138,497,129,1,544019,28171
597,Ridderkerk,48050,0.245,0.175,0.07,11772,3885,777,2797,725,3,3054210,158323,8409,2775,555,1998,518,2,2181578,113119,3364,1110,222,799,207,1,872631,45204
599,Rotterdam,674147,0.16,0.12,0.039,107864,35595,7119,25628,6644,29,27983166,1450892,80898,26696,5339,19220,4983,22,20987178,1088169,26292,8676,1735,6246,1619,7,6820675,353551
603,Rijswijk,61556,0.20600000000000002,0.14800000000000002,0.057,12681,4185,837,3013,781,3,3290056,170552,9110,3006,601,2164,561,2,2363180,122509,3509,1158,232,835,216,1,910367,47169
606,Schiedam,82001,0.17800000000000002,0.135,0.043,14596,4817,963,3467,899,4,3786906,196320,11070,3653,731,2632,682,3,2871822,148933,3526,1164,233,839,218,1,915084,47606
610,Sliedrecht,26567,0.20600000000000002,0.149,0.057,5473,1806,361,1300,337,1,1419795,73593,3958,1306,261,940,244,1,1026718,53284,1514,500,100,360,93,0,393077,20309
613,Albrandswaard,26619,0.19399999999999998,0.149,0.046,5164,1704,341,1228,318,1,1339607,69444,3966,1309,262,943,244,1,1029076,53284,1224,404,81,292,76,0,317606,16597
622,Vlaardingen,77400,0.207,0.151,0.057,16022,5287,1057,3805,986,4,4156398,215319,11687,3857,771,2776,720,3,3032197,157231,4412,1456,291,1048,272,1,1144641,59398
626,Voorschoten,25948,0.249,0.175,0.07400000000000001,6461,2132,426,1534,398,2,1676081,86914,4541,1499,300,1080,280,1,1178445,61145,1920,634,127,457,118,1,498422,25768
627,Waddinxveen,35470,0.18,0.138,0.042,6385,2107,421,1516,393,2,1656427,85822,4895,1615,323,1163,302,1,1269639,65950,1490,492,98,353,92,0,386788,20091
629,Wassenaar,28101,0.258,0.174,0.084,7250,2392,478,1721,446,2,1880481,97396,4890,1614,323,1163,302,1,1268853,65950,2360,779,156,562,146,1,612414,31883
632,Woerden,54188,0.205,0.153,0.052000000000000005,11109,3666,733,2639,684,3,2882042,149369,8291,2736,547,1969,510,2,2150918,111372,2818,930,186,670,174,1,731124,37997
637,Zoetermeer,130672,0.213,0.16899999999999998,0.044000000000000004,27833,9185,1837,6613,1714,8,7220828,374297,22084,7288,1458,5249,1361,6,5729493,297210,5750,1898,380,1368,355,2,1492121,77524
638,Zoeterwoude,10349,0.226,0.17,0.055,2339,772,154,554,144,1,606911,31446,1759,580,116,418,108,0,455970,23585,569,188,38,137,36,0,147797,7862
642,Zwijndrecht,44842,0.235,0.168,0.067,10538,3478,696,2506,650,3,2734245,141945,7533,2486,497,1789,464,2,1954380,101327,3004,991,198,713,185,1,779079,40400
654,Borsele,23148,0.228,0.17300000000000001,0.055,5278,1742,348,1253,325,1,1369481,70972,4005,1322,264,950,246,1,1039296,53721,1273,420,84,302,78,0,330185,17033
664,Goes,40388,0.247,0.179,0.068,9976,3292,658,2369,614,3,2588020,134083,7229,2386,477,1717,445,2,1875764,97177,2746,906,181,652,169,1,712256,36906
668,West Maas en Waal,20747,0.23399999999999999,0.18100000000000002,0.053,4855,1602,320,1152,299,1,1259419,65294,3755,1239,248,893,232,1,974045,50663,1100,363,73,263,68,0,285374,14850
677,Hulst,27363,0.275,0.201,0.073,7525,2483,497,1789,464,2,1952021,101327,5500,1815,363,1307,339,2,1426870,74030,1997,659,132,475,123,1,518076,26860
678,Kapelle,13150,0.23199999999999998,0.172,0.06,3051,1007,201,724,188,1,791657,41055,2262,746,149,536,139,1,586471,30354,789,260,52,187,48,0,204400,10482
687,Middelburg,50400,0.233,0.17,0.063,11743,3875,775,2790,723,3,3046348,157886,8568,2827,565,2034,527,2,2222458,115084,3175,1048,210,756,196,1,823890,42802
703,Reimerswaal,23416,0.18100000000000002,0.134,0.047,4238,1399,280,1008,261,1,1099830,56996,3138,1036,207,745,193,1,814456,42147,1101,363,73,263,68,0,285374,14850
715,Terneuzen,55902,0.26,0.188,0.07200000000000001,14535,4797,959,3452,895,4,3771183,195447,10510,3468,694,2498,648,3,2726383,141508,4025,1328,266,958,248,1,1044013,54157
716,Tholen,27036,0.20600000000000002,0.154,0.053,5569,1838,368,1325,344,2,1444952,75121,4164,1374,275,990,257,1,1080176,56123,1433,473,95,342,89,0,371851,19435
717,Veere,21976,0.293,0.21600000000000003,0.077,6439,2125,425,1530,397,2,1670578,86695,4747,1567,313,1127,292,1,1231904,63766,1692,558,112,403,104,0,438674,22711
718,Vlissingen,45906,0.252,0.188,0.064,11568,3817,763,2747,712,3,3000751,155484,8630,2848,570,2052,532,2,2238968,116176,2938,970,194,698,181,1,762570,39526
736,De Ronde Venen,45823,0.22899999999999998,0.171,0.057,10493,3463,693,2495,647,3,2722453,141289,7836,2586,517,1861,482,2,2032995,105257,2612,862,172,619,160,1,677665,34940
737,Tytsjerksteradiel,32925,0.249,0.182,0.067,8198,2705,541,1948,505,2,2126548,110280,5992,1977,395,1422,369,2,1554227,80581,2206,728,146,526,136,1,572320,29699
743,Asten,17472,0.242,0.182,0.06,4228,1395,279,1004,260,1,1096685,56778,3180,1049,210,756,196,1,824676,42802,1048,346,69,248,64,0,272009,13976
744,Baarle-Nassau,7231,0.278,0.207,0.071,2010,663,133,479,124,1,521220,27079,1497,494,99,356,92,0,388360,20091,513,169,34,122,32,0,132860,6988
748,Bergen op Zoom,70624,0.231,0.174,0.057,16314,5384,1077,3877,1005,4,4232655,219468,12289,4055,811,2920,757,3,3187856,165311,4026,1329,266,958,248,1,1044799,54157
753,Best,31678,0.207,0.156,0.051,6557,2164,433,1559,404,2,1701238,88224,4942,1631,326,1174,304,1,1282218,66386,1616,533,107,385,100,0,419020,21838
755,Boekel,11606,0.207,0.156,0.05,2402,793,159,572,148,1,623420,32320,1811,598,120,432,112,0,470120,24458,580,191,38,137,36,0,150155,7862
757,Boxtel,34355,0.239,0.18100000000000002,0.057999999999999996,8211,2710,542,1951,506,2,2130478,110498,6218,2052,410,1476,383,2,1613189,83638,1993,658,132,475,123,1,517290,26860
758,Breda,189960,0.196,0.14400000000000002,0.052000000000000005,37232,12287,2457,8845,2293,10,9659479,500737,27354,9027,1805,6498,1685,7,7096616,367964,9878,3260,652,2347,608,3,2562863,132773
762,Deurne,33505,0.24100000000000002,0.18,0.06,8075,2665,533,1919,498,2,2095101,108751,6031,1990,398,1433,372,2,1564447,81236,2010,663,133,479,124,1,521220,27079
765,Pekela,12490,0.24100000000000002,0.185,0.055999999999999994,3010,993,199,716,186,1,780651,40618,2311,763,153,551,143,1,599836,31228,699,231,46,166,43,0,181602,9390
766,Dongen,27647,0.23,0.17300000000000001,0.057,6359,2098,420,1512,392,2,1649352,85603,4783,1578,316,1138,295,1,1240552,64421,1576,520,104,374,97,0,408800,21182
770,Eersel,20528,0.247,0.182,0.065,5070,1673,335,1206,313,1,1315236,68352,3736,1233,247,889,230,1,969328,50227,1334,440,88,317,82,0,345908,17907
772,Eindhoven,249679,0.16399999999999998,0.11900000000000001,0.045,40947,13513,2703,9731,2523,11,10623304,550963,29712,9805,1961,7060,1830,8,7708244,399628,11236,3708,742,2671,692,3,2915060,151116
777,Etten-Leur,46076,0.22399999999999998,0.17,0.054000000000000006,10321,3406,681,2452,636,3,2677642,138887,7833,2585,517,1861,482,2,2032209,105257,2488,821,164,590,153,1,645433,33412
779,Geertruidenberg,21924,0.231,0.174,0.057,5064,1671,334,1202,312,1,1313664,68133,3815,1259,252,907,235,1,989768,51318,1250,412,82,295,76,0,323896,16597
784,Gilze en Rijen,28418,0.218,0.166,0.052000000000000005,6195,2044,409,1472,382,2,1606900,83420,4717,1557,311,1120,290,1,1224042,63329,1478,488,98,353,92,0,383643,20091
785,Goirle,24804,0.251,0.196,0.055,6226,2055,411,1480,384,2,1615547,83856,4862,1604,321,1156,300,1,1260992,65513,1364,450,90,324,84,0,353769,18344
794,Helmond,96918,0.185,0.142,0.043,17930,5917,1183,4259,1104,5,4651676,241087,13762,4541,908,3269,848,4,3569927,185183,4167,1375,275,990,257,1,1080962,56123
796,'s-Hertogenbosch,162034,0.19699999999999998,0.152,0.045,31921,10534,2107,7585,1966,9,8281350,429328,24629,8128,1626,5854,1518,7,6389863,331495,7292,2406,481,1732,449,2,1891487,98051
797,Heusden,46605,0.22399999999999998,0.172,0.052000000000000005,10440,3445,689,2480,643,3,2708302,140416,8016,2645,529,1904,494,2,2079378,107878,2423,800,160,576,149,1,628924,32538
798,Hilvarenbeek,16308,0.249,0.18600000000000003,0.063,4061,1340,268,965,250,1,1053447,54594,3033,1001,200,720,187,1,786941,40836,1027,339,68,245,64,0,266506,13976
809,Loon op Zand,24194,0.244,0.182,0.062,5903,1948,390,1404,364,2,1531429,79489,4403,1453,291,1048,272,1,1142282,59398,1500,495,99,356,92,0,389146,20091
820,Nuenen c.a.,24394,0.273,0.2,0.073,6660,2198,440,1584,411,2,1727967,89753,4879,1610,322,1159,300,1,1265709,65513,1781,588,118,425,110,0,462259,24021
823,Oirschot,19752,0.25,0.191,0.059000000000000004,4938,1630,326,1174,304,1,1281432,66386,3773,1245,249,896,232,1,978762,50663,1165,384,77,277,72,0,301883,15723
824,Oisterwijk,33384,0.26,0.188,0.07200000000000001,8680,2864,573,2063,535,2,2251546,116831,6276,2071,414,1490,386,2,1628126,84293,2404,793,159,572,148,1,623420,32320
826,Oosterhout,58594,0.23800000000000002,0.18100000000000002,0.057,13945,4602,920,3312,859,4,3617883,187585,10606,3500,700,2520,653,3,2751540,142600,3340,1102,220,792,205,1,866342,44767
828,Oss,95513,0.213,0.162,0.051,20344,6714,1343,4835,1254,6,5278241,273844,15473,5106,1021,3676,953,4,4014104,208113,4871,1607,321,1156,300,1,1263350,65513
840,Rucphen,24006,0.239,0.187,0.051,5737,1893,379,1364,354,2,1488190,77305,4489,1481,296,1066,276,1,1164295,60272,1224,404,81,292,76,0,317606,16597
845,Sint-Michielsgestel,30198,0.23399999999999999,0.175,0.059000000000000004,7066,2332,466,1678,435,2,1833312,94994,5285,1744,349,1256,326,1,1371053,71191,1782,588,118,425,110,0,462259,24021
847,Someren,20423,0.22699999999999998,0.17,0.057,4636,1530,306,1102,286,1,1202816,62456,3472,1146,229,824,214,1,900933,46733,1164,384,77,277,72,0,301883,15723
848,Son en Breugel,18117,0.22399999999999998,0.14800000000000002,0.076,4058,1339,268,965,250,1,1052661,54594,2681,885,177,637,165,1,695747,36032,1377,454,91,328,85,0,356914,18562
851,Steenbergen,24503,0.243,0.184,0.06,5954,1965,393,1415,367,2,1544793,80144,4509,1488,298,1073,278,1,1169798,60709,1470,485,97,349,90,0,381285,19654
852,Waterland,17757,0.265,0.19699999999999998,0.068,4706,1553,311,1120,290,1,1220898,63329,3498,1154,231,832,216,1,907222,47169,1207,398,80,288,75,0,312889,16378
855,Tilburg,230825,0.17600000000000002,0.134,0.043,40625,13406,2681,9652,2502,11,10539186,546377,30931,10207,2041,7348,1905,8,8024278,416007,9925,3275,655,2358,611,3,2574656,133428
858,Valkenswaard,31932,0.266,0.191,0.076,8494,2803,561,2020,524,2,2203591,114429,6099,2013,403,1451,376,2,1582529,82109,2427,801,160,576,149,1,629710,32538
861,Veldhoven,47800,0.228,0.168,0.06,10898,3596,719,2588,671,3,2827011,146530,8030,2650,530,1908,495,2,2083309,108096,2868,946,189,680,176,1,743702,38434
865,Vught,33270,0.23399999999999999,0.172,0.062,7785,2569,514,1850,480,2,2019631,104821,5722,1888,378,1361,353,2,1484259,77087,2063,681,136,490,127,1,535371,27734
866,Waalre,17851,0.248,0.17300000000000001,0.076,4427,1461,292,1051,272,1,1148572,59398,3088,1019,204,734,190,1,801091,41491,1357,448,90,324,84,0,352197,18344
867,Waalwijk,51529,0.221,0.16399999999999998,0.055999999999999994,11388,3758,752,2707,702,3,2954368,153300,8451,2789,558,2009,521,2,2192585,113774,2886,952,190,684,177,1,748419,38653
873,Woensdrecht,22323,0.255,0.185,0.071,5692,1878,376,1354,351,2,1476398,76650,4130,1363,273,983,255,1,1071528,55686,1585,523,105,378,98,0,411159,21401
879,Zundert,23127,0.24600000000000002,0.187,0.059000000000000004,5689,1877,375,1350,350,2,1475612,76432,4325,1427,285,1026,266,1,1121842,58088,1364,450,90,324,84,0,353769,18344
880,Wormerland,16375,0.242,0.171,0.071,3963,1308,262,943,244,1,1028290,53284,2800,924,185,666,173,1,726407,37779,1163,384,77,277,72,0,301883,15723
882,Landgraaf,36885,0.282,0.215,0.068,10402,3433,687,2473,641,3,2698868,139979,7930,2617,523,1883,488,2,2057366,106568,2508,828,166,598,155,1,650936,33848
888,Beek,16206,0.281,0.20600000000000002,0.075,4554,1503,301,1084,281,1,1181590,61364,3338,1102,220,792,205,1,866342,44767,1215,401,80,288,75,0,315248,16378
889,Beesel,13524,0.26,0.19899999999999998,0.061,3516,1160,232,835,216,1,911939,47169,2691,888,178,641,166,1,698105,36250,825,272,54,194,50,0,213834,10919
893,Bergen (L),13096,0.27,0.21100000000000002,0.059000000000000004,3536,1167,233,839,218,1,917442,47606,2763,912,182,655,170,1,716973,37124,773,255,51,184,48,0,200469,10482
899,Brunssum,27554,0.276,0.203,0.073,7605,2510,502,1807,468,2,1973248,102200,5593,1846,369,1328,344,2,1451241,75121,2011,664,133,479,124,1,522007,27079
907,Gennep,17909,0.267,0.203,0.064,4782,1578,316,1138,295,1,1240552,64421,3636,1200,240,864,224,1,943385,48916,1146,378,76,274,71,0,297166,15505
917,Heerlen,87675,0.248,0.184,0.064,21743,7175,1435,5166,1339,6,5640658,292406,16132,5324,1065,3834,994,4,4185486,217066,5611,1852,370,1332,345,2,1455958,75340
928,Kerkrade,45827,0.272,0.20600000000000002,0.066,12465,4113,823,2963,768,3,3233453,167713,9440,3115,623,2243,582,3,2448871,127095,3025,998,200,720,187,1,784582,40836
935,Maastricht,126079,0.22399999999999998,0.16399999999999998,0.06,28242,9320,1864,6710,1740,8,7326959,379975,20677,6823,1365,4914,1274,6,5363931,278211,7565,2496,499,1796,466,2,1962241,101763
938,Meerssen,18452,0.289,0.209,0.079,5333,1760,352,1267,328,1,1383632,71627,3856,1272,254,914,237,1,999988,51755,1458,481,96,346,90,0,378140,19654
944,Mook en Middelaar,8128,0.294,0.21899999999999997,0.076,2390,789,158,569,148,1,620276,32320,1780,587,117,421,109,0,461473,23803,618,204,41,148,38,0,160375,8298
946,Nederweert,17607,0.258,0.19399999999999998,0.064,4543,1499,300,1080,280,1,1178445,61145,3416,1127,225,810,210,1,885996,45859,1127,372,74,266,69,0,292449,15068
957,Roermond,61339,0.22699999999999998,0.172,0.055,13924,4595,919,3308,858,4,3612379,187367,10550,3482,696,2506,650,3,2737390,141945,3374,1113,223,803,208,1,874990,45422
965,Simpelveld,10398,0.294,0.214,0.08,3057,1009,202,727,188,1,793230,41055,2225,734,147,529,137,1,577037,29918,832,275,55,198,51,0,216192,11137
971,Stein,24675,0.297,0.22,0.076,7328,2418,484,1742,452,2,1900921,98706,5428,1791,358,1289,334,1,1408003,72938,1875,619,124,446,116,1,486630,25332
981,Vaals,9957,0.302,0.21899999999999997,0.083,3007,992,198,713,185,1,779865,40400,2181,720,144,518,134,1,566031,29262,826,273,55,198,51,0,214620,11137
983,Venlo,104195,0.235,0.17600000000000002,0.057999999999999996,24486,8080,1616,5818,1508,7,6352127,329311,18338,6052,1210,4356,1129,5,4757806,246547,6043,1994,399,1436,372,2,1567592,81236
984,Venray,45260,0.23800000000000002,0.17800000000000002,0.06,10772,3555,711,2560,664,3,2794779,145002,8056,2658,532,1915,496,2,2089598,108315,2716,896,179,644,167,1,704394,36469
986,Voerendaal,12471,0.29,0.21100000000000002,0.079,3617,1194,239,860,223,1,938668,48698,2631,868,174,626,162,1,682382,35377,985,325,65,234,61,0,255500,13321
988,Weert,51461,0.248,0.17800000000000002,0.07,12762,4211,842,3031,786,3,3310496,171644,9160,3023,605,2178,565,3,2376545,123383,3602,1189,238,857,222,1,934738,48480
994,Valkenburg aan de Geul,16524,0.319,0.223,0.096,5271,1739,348,1253,325,1,1367122,70972,3685,1216,243,875,227,1,955964,49571,1586,523,105,378,98,0,411159,21401
995,Lelystad,85384,0.183,0.14800000000000002,0.035,15625,5156,1031,3712,962,4,4053412,210078,12637,4170,834,3002,778,3,3278264,169897,2988,986,197,709,184,1,775148,40181
1507,Horst aan de Maas,44848,0.242,0.179,0.062,10853,3581,716,2578,668,3,2815219,145875,8028,2649,530,1908,495,2,2082523,108096,2781,918,184,662,172,1,721690,37561
1509,Oude IJsselstreek,39612,0.264,0.19899999999999998,0.064,10458,3451,690,2484,644,3,2713019,140634,7883,2601,520,1872,485,2,2044788,105912,2535,837,167,601,156,1,658011,34067
1525,Teylingen,38686,0.218,0.161,0.057,8434,2783,557,2005,520,2,2187868,113556,6228,2055,411,1480,384,2,1615547,83856,2205,728,146,526,136,1,572320,29699
1581,Utrechtse Heuvelrug,51114,0.258,0.179,0.079,13187,4352,870,3132,812,4,3421344,177321,9149,3019,604,2174,564,3,2373400,123164,4038,1333,267,961,249,1,1047944,54376
1586,Oost Gelre,29919,0.252,0.19,0.061,7540,2488,498,1793,465,2,1955952,101545,5685,1876,375,1350,350,2,1474826,76432,1825,602,120,432,112,0,473265,24458
1598,Koggenland,24175,0.22399999999999998,0.17,0.054000000000000006,5415,1787,357,1285,333,1,1404858,72719,4110,1356,271,976,253,1,1066025,55249,1305,431,86,310,80,0,338833,17470
1621,Lansingerland,66495,0.168,0.125,0.044000000000000004,11171,3686,737,2653,688,3,2897765,150243,8312,2743,549,1976,512,2,2156421,111809,2926,966,193,695,180,1,759425,39308
1640,Leudal,36142,0.273,0.204,0.069,9867,3256,651,2344,608,3,2559719,132773,7373,2433,487,1753,454,2,1912714,99143,2494,823,165,594,154,1,647005,33630
1641,Maasgouw,24413,0.294,0.221,0.073,7177,2368,474,1706,442,2,1861614,96522,5395,1780,356,1282,332,1,1399355,72501,1782,588,118,425,110,0,462259,24021
1652,Gemert-Bakel,31754,0.221,0.172,0.049,7018,2316,463,1667,432,2,1820734,94339,5462,1802,360,1296,336,1,1416650,73374,1556,513,103,371,96,0,403297,20964
1655,Halderberge,31472,0.24600000000000002,0.182,0.064,7742,2555,511,1840,477,2,2008624,104165,5728,1890,378,1361,353,2,1485832,77087,2014,665,133,479,124,1,522793,27079
1658,Heeze-Leende,17130,0.263,0.191,0.07200000000000001,4505,1487,297,1069,277,1,1169012,60490,3272,1080,216,778,202,1,849047,44112,1233,407,81,292,76,0,319965,16597
1659,Laarbeek,23521,0.24600000000000002,0.184,0.062,5786,1909,382,1375,356,2,1500769,77742,4328,1428,286,1030,267,1,1122628,58306,1458,481,96,346,90,0,378140,19654
1667,Reusel-De Mierden,13727,0.235,0.19,0.046,3226,1065,213,767,199,1,837254,43457,2608,861,172,619,160,1,676879,34940,631,208,42,151,39,0,163520,8517
1669,Roerdalen,20886,0.297,0.22399999999999998,0.073,6203,2047,409,1472,382,2,1609258,83420,4678,1544,309,1112,288,1,1213822,62892,1525,503,101,364,94,0,395436,20527
1674,Roosendaal,78063,0.23199999999999998,0.17300000000000001,0.059000000000000004,18111,5977,1195,4302,1115,5,4698845,243489,13505,4457,891,3208,832,4,3503890,181689,4606,1520,304,1094,284,1,1194955,62019
1676,Schouwen-Duiveland,34425,0.293,0.213,0.08,10087,3329,666,2398,622,3,2617108,135830,7333,2420,484,1742,452,2,1902494,98706,2754,909,182,655,170,1,714614,37124
1680,Aa en Hunze,26071,0.292,0.22399999999999998,0.067,7613,2512,502,1807,468,2,1974820,102200,5840,1927,385,1386,359,2,1514920,78397,1747,577,115,414,107,0,453611,23366
1681,Borger-Odoorn,26154,0.268,0.20600000000000002,0.062,7009,2313,463,1667,432,2,1818375,94339,5388,1778,356,1282,332,1,1397783,72501,1622,535,107,385,100,0,420593,21838
1690,De Wolden,24778,0.266,0.19699999999999998,0.068,6591,2175,435,1566,406,2,1709886,88661,4881,1611,322,1159,300,1,1266495,65513,1685,556,111,400,104,0,437102,22711
1695,Noord-Beveland,8063,0.305,0.22699999999999998,0.078,2459,811,162,583,151,1,637571,32975,1830,604,121,436,113,1,474837,24677,629,208,42,151,39,0,163520,8517
1696,Wijdemeren,24619,0.257,0.18899999999999997,0.068,6327,2088,418,1505,390,2,1641490,85167,4653,1535,307,1105,286,1,1206747,62456,1674,552,110,396,103,0,433957,22493
1699,Noordenveld,31684,0.29100000000000004,0.209,0.08199999999999999,9220,3043,609,2192,568,3,2392268,124038,6622,2185,437,1573,408,2,1717747,89097,2598,857,171,616,160,1,673734,34940
1700,Twenterand,34178,0.21100000000000002,0.161,0.05,7212,2380,476,1714,444,2,1871047,96959,5503,1816,363,1307,339,2,1427656,74030,1709,564,113,407,106,0,443391,23148
1701,Westerveld,20031,0.317,0.23399999999999999,0.08199999999999999,6350,2096,419,1508,391,2,1647780,85385,4687,1547,309,1112,288,1,1216181,62892,1643,542,108,389,101,0,426096,22056
1705,Lingewaard,47807,0.242,0.187,0.055,11569,3818,764,2750,713,3,3001537,155702,8940,2950,590,2124,551,2,2319155,120325,2629,868,174,626,162,1,682382,35377
1706,Cranendonck,21447,0.255,0.191,0.063,5469,1805,361,1300,337,1,1419009,73593,4096,1352,270,972,252,1,1062881,55031,1351,446,89,320,83,0,350625,18125
1708,Steenwijkerland,45876,0.242,0.182,0.06,11102,3664,733,2639,684,3,2880470,149369,8349,2755,551,1984,514,2,2165855,112245,2753,908,182,655,170,1,713828,37124
1709,Moerdijk,38410,0.235,0.17800000000000002,0.055999999999999994,9026,2979,596,2146,556,2,2341954,121417,6837,2256,451,1624,421,2,1773564,91936,2151,710,142,511,132,1,558170,28826
1711,Echt-Susteren,32366,0.27899999999999997,0.212,0.067,9030,2980,596,2146,556,2,2342740,121417,6862,2264,453,1631,423,2,1779854,92373,2169,716,143,515,134,1,562887,29262
1714,Sluis,23188,0.301,0.22,0.081,6980,2303,461,1660,430,2,1810514,93902,5101,1683,337,1213,314,1,1323098,68570,1878,620,124,446,116,1,487416,25332
1719,Drimmelen,28399,0.243,0.18600000000000003,0.057,6901,2277,455,1638,425,2,1790074,92810,5282,1743,349,1256,326,1,1370267,71191,1619,534,107,385,100,0,419806,21838
1721,Bernheze,32836,0.231,0.172,0.059000000000000004,7585,2503,501,1804,468,2,1967744,102200,5648,1864,373,1343,348,2,1465392,75995,1937,639,128,461,120,1,502353,26205
1723,Alphen-Chaam,10485,0.256,0.193,0.063,2684,886,177,637,165,1,696533,36032,2024,668,134,482,125,1,525151,27297,661,218,44,158,41,0,171382,8953
1724,Bergeijk,19380,0.24600000000000002,0.185,0.062,4767,1573,315,1134,294,1,1236621,64203,3585,1183,237,853,221,1,930021,48261,1202,397,79,284,74,0,312103,16160
1728,Bladel,20984,0.24100000000000002,0.17300000000000001,0.068,5057,1669,334,1202,312,1,1312092,68133,3630,1198,240,864,224,1,941813,48916,1427,471,94,338,88,0,370279,19217
1729,Gulpen-Wittem,13950,0.32,0.23800000000000002,0.081,4464,1473,295,1062,275,1,1158005,60053,3320,1096,219,788,204,1,861625,44549,1130,373,75,270,70,0,293236,15286
1730,Tynaarlo,35111,0.259,0.188,0.071,9094,3001,600,2160,560,2,2359249,122291,6601,2178,436,1570,407,2,1712244,88879,2493,823,165,594,154,1,647005,33630
1731,Midden-Drenthe,34348,0.263,0.2,0.063,9034,2981,596,2146,556,2,2343526,121417,6870,2267,453,1631,423,2,1782212,92373,2164,714,143,515,134,1,561314,29262
1734,Overbetuwe,49241,0.217,0.166,0.051,10685,3526,705,2538,658,3,2771980,143692,8174,2697,539,1940,503,2,2120258,109843,2511,829,166,598,155,1,651722,33848
1735,Hof van Twente,35794,0.264,0.18899999999999997,0.075,9450,3118,624,2246,582,3,2451229,127095,6765,2232,446,1606,416,2,1754697,90845,2685,886,177,637,165,1,696533,36032
1740,Neder-Betuwe,25895,0.18,0.141,0.039,4661,1538,308,1109,288,1,1209105,62892,3651,1205,241,868,225,1,947316,49135,1010,333,67,241,62,0,261789,13539
1742,Rijssen-Holten,39170,0.2,0.147,0.053,7834,2585,517,1861,482,2,2032209,105257,5758,1900,380,1368,355,2,1493693,77524,2076,685,137,493,128,1,538516,27952
1771,Geldrop-Mierlo,40737,0.239,0.17600000000000002,0.063,9736,3213,643,2315,600,3,2525914,131026,7170,2366,473,1703,442,2,1860041,96522,2566,847,169,608,158,1,665873,34503
1773,Olst-Wijhe,19043,0.23800000000000002,0.183,0.055,4532,1496,299,1076,279,1,1176087,60927,3485,1150,230,828,215,1,904078,46951,1047,346,69,248,64,0,272009,13976
1774,Dinkelland,26916,0.247,0.184,0.064,6648,2194,439,1580,410,2,1724823,89534,4953,1634,327,1177,305,1,1284576,66605,1723,569,114,410,106,0,447322,23148
1783,Westland,118334,0.20600000000000002,0.152,0.054000000000000006,24377,8044,1609,5792,1502,7,6323826,328001,17987,5936,1187,4273,1108,5,4666612,241961,6390,2109,422,1519,394,2,1658000,86040
1842,Midden-Delfland,19371,0.221,0.165,0.055999999999999994,4281,1413,283,1019,264,1,1110836,57651,3196,1055,211,760,197,1,829393,43020,1085,358,72,259,67,0,281443,14631
1859,Berkelland,43941,0.272,0.204,0.068,11952,3944,789,2840,736,3,3100593,160725,8964,2958,592,2131,552,2,2325445,120544,2988,986,197,709,184,1,775148,40181
1876,Bronckhorst,36000,0.29100000000000004,0.218,0.073,10476,3457,691,2488,645,3,2717736,140853,7848,2590,518,1865,484,2,2036140,105694,2628,867,173,623,162,1,681596,35377
1883,Sittard-Geleen,92348,0.261,0.195,0.066,24103,7954,1591,5728,1485,7,6253072,324289,18008,5943,1189,4280,1110,5,4672116,242398,6095,2011,402,1447,375,2,1580956,81891
1884,Kaag en Braassem,29404,0.223,0.17,0.053,6557,2164,433,1559,404,2,1701238,88224,4999,1650,330,1188,308,1,1297155,67260,1558,514,103,371,96,0,404083,20964
1891,Dantumadiel,19209,0.24100000000000002,0.179,0.063,4629,1528,306,1102,286,1,1201244,62456,3438,1135,227,817,212,1,892285,46296,1210,399,80,288,75,0,313676,16378
1892,Zuidplas,49088,0.192,0.14800000000000002,0.045,9425,3110,622,2239,580,3,2444940,126658,7265,2397,479,1724,447,2,1884412,97614,2209,729,146,526,136,1,573107,29699
1894,Peel en Maas,45881,0.247,0.18600000000000003,0.061,11333,3740,748,2693,698,3,2940217,152427,8534,2816,563,2027,526,2,2213811,114866,2799,924,185,666,173,1,726407,37779
1895,Oldambt,39710,0.264,0.19899999999999998,0.064,10483,3459,692,2491,646,3,2719308,141071,7902,2608,522,1879,487,2,2050291,106349,2541,839,168,605,157,1,659584,34285
1896,Zwartewaterland,23660,0.185,0.142,0.043,4377,1444,289,1040,270,1,1135207,58962,3360,1109,222,799,207,1,871845,45204,1017,336,67,241,62,0,264148,13539
1900,Súdwest Fryslân,90563,0.248,0.184,0.064,22460,7412,1482,5335,1383,6,5826976,302014,16664,5499,1100,3960,1027,5,4323063,224272,5796,1913,383,1379,358,2,1503913,78179
1901,Bodegraven-Reeuwijk,37228,0.213,0.158,0.055999999999999994,7930,2617,523,1883,488,2,2057366,106568,5882,1941,388,1397,362,2,1525926,79052,2085,688,138,497,129,1,540874,28171
1903,Eijsden-Margraten,26370,0.27899999999999997,0.207,0.07200000000000001,7357,2428,486,1750,454,2,1908783,99143,5459,1801,360,1296,336,1,1415864,73374,1899,627,125,450,117,1,492919,25550
1904,Stichtse Vecht,66118,0.226,0.172,0.053,14943,4931,986,3550,920,4,3876527,200906,11372,3753,751,2704,701,3,2950437,153082,3504,1156,231,832,216,1,908794,47169
1911,Hollands Kroon,50384,0.226,0.171,0.055,11387,3758,752,2707,702,3,2954368,153300,8616,2843,569,2048,531,2,2235037,115958,2771,914,183,659,171,1,718545,37342
1916,Leidschendam-Voorburg,78718,0.235,0.16899999999999998,0.066,18499,6105,1221,4396,1140,5,4799473,248949,13303,4390,878,3161,820,4,3451218,179068,5195,1714,343,1235,320,1,1347469,69880
1924,Goeree-Overflakkee,52688,0.233,0.17300000000000001,0.061,12276,4051,810,2916,756,3,3184711,165092,9115,3008,602,2167,562,2,2364752,122727,3214,1061,212,763,198,1,834110,43238
1926,Pijnacker-Nootdorp,58706,0.165,0.121,0.044000000000000004,9686,3196,639,2300,596,3,2512549,130152,7103,2344,469,1688,438,2,1842746,95649,2583,852,170,612,159,1,669804,34722
1930,Nissewaard,88932,0.218,0.172,0.046,19387,6398,1280,4608,1195,5,5029816,260960,15296,5048,1010,3636,943,4,3968507,205929,4091,1350,270,972,252,1,1061308,55031
1931,Krimpenerwaard,57950,0.226,0.16699999999999998,0.059000000000000004,13097,4322,864,3110,806,4,3397759,176011,9678,3194,639,2300,596,3,2510977,130152,3419,1128,226,814,211,1,886782,46077
1940,De Fryske Marren,52220,0.255,0.19,0.065,13316,4394,879,3164,820,4,3454362,179068,9922,3274,655,2358,611,3,2573869,133428,3394,1120,224,806,209,1,880493,45641
1942,Gooise Meren,61241,0.21,0.146,0.064,12861,4244,849,3056,792,4,3336439,172954,8941,2951,590,2124,551,2,2319942,120325,3919,1293,259,932,242,1,1016498,52847
1945,Berg en Dal,35739,0.268,0.19899999999999998,0.069,9578,3161,632,2275,590,3,2485034,128842,7112,2347,469,1688,438,2,1845104,95649,2466,814,163,587,152,1,639930,33193
1948,Meierijstad,85192,0.228,0.174,0.055,19424,6410,1282,4615,1196,5,5039250,261178,14823,4892,978,3521,913,4,3845867,199377,4686,1546,309,1112,288,1,1215395,62892
1949,Waadhoeke,47133,0.243,0.185,0.057,11453,3779,756,2722,706,3,2970877,154174,8720,2878,576,2074,538,2,2262552,117486,2687,887,177,637,165,1,697319,36032
1950,Westerwolde,25673,0.268,0.204,0.064,6880,2270,454,1634,424,2,1784570,92592,5237,1728,346,1246,323,1,1358475,70536,1643,542,108,389,101,0,426096,22056
1952,Midden-Groningen,61381,0.242,0.184,0.057,14854,4902,980,3528,915,4,3853729,199814,11294,3727,745,2682,695,3,2929997,151771,3499,1155,231,832,216,1,908008,47169
1954,Beekdaelen,35960,0.281,0.20800000000000002,0.073,10105,3335,667,2401,622,3,2621825,135830,7480,2468,494,1778,461,2,1940229,100671,2625,866,173,623,162,1,680810,35377
1955,Montferland,36998,0.251,0.188,0.064,9286,3064,613,2207,572,3,2408777,124911,6956,2295,459,1652,428,2,1804224,93465,2368,781,156,562,146,1,613987,31883
1959,Altena,58863,0.21,0.16,0.05,12361,4079,816,2938,762,3,3206724,166403,9418,3108,622,2239,580,3,2443368,126658,2943,971,194,698,181,1,763356,39526
1960,West Betuwe,53406,0.207,0.158,0.049,11055,3648,730,2628,681,3,2867891,148714,8438,2785,557,2005,520,2,2189440,113556,2617,864,173,623,162,1,679237,35377
1961,Vijfheerenlanden,63263,0.20600000000000002,0.153,0.053,13032,4301,860,3096,803,4,3381250,175356,9679,3194,639,2300,596,3,2510977,130152,3353,1106,221,796,206,1,869487,44986
1963,Hoeksche Waard,91331,0.24,0.179,0.06,21919,7233,1447,5209,1350,6,5686255,294808,16348,5395,1079,3884,1007,4,4241303,219905,5480,1808,362,1303,338,1,1421367,73811
1966,Het Hogeland,48118,0.262,0.203,0.059000000000000004,12607,4160,832,2995,776,3,3270402,169460,9768,3223,645,2322,602,3,2533776,131462,2839,937,187,673,174,1,736627,37997
1969,Westerkwartier,65017,0.226,0.16899999999999998,0.057,14694,4849,970,3492,905,4,3812063,197630,10988,3626,725,2610,677,3,2850596,147841,3706,1223,245,882,229,1,961467,50008
1970,Noardeast-Fryslân,45922,0.231,0.172,0.057999999999999996,10608,3501,700,2520,653,3,2752327,142600,7899,2607,521,1876,486,2,2049504,106131,2663,879,176,634,164,1,691030,35814
1978,Molenlanden,45533,0.204,0.154,0.049,9289,3065,613,2207,572,3,2409563,124911,7012,2314,463,1667,432,2,1819161,94339,2231,736,147,529,137,1,578610,29918
1979,Eemsdelta,44961,0.267,0.19899999999999998,0.067,12005,3962,792,2851,739,3,3114744,161380,8947,2953,591,2128,552,2,2321514,120544,3012,994,199,716,186,1,781437,40618
1980,Dijk en Waard,91219,0.20199999999999999,0.154,0.047,18426,6081,1216,4378,1135,5,4780605,247857,14048,4636,927,3337,865,4,3644612,188895,4287,1415,283,1019,264,1,1112408,57651
1982,Land van Cuijk,93485,0.245,0.18600000000000003,0.059000000000000004,22904,7558,1512,5443,1411,6,5941755,308129,17388,5738,1148,4133,1072,5,4510954,234099,5516,1820,364,1310,340,2,1430801,74248
1991,Maashorst,60033,0.23199999999999998,0.174,0.059000000000000004,13928,4596,919,3308,858,4,3613166,187367,10446,3447,689,2480,643,3,2709874,140416,3542,1169,234,842,218,1,919014,47606
1992,Voorne aan Zee,74938,0.249,0.191,0.057999999999999996,18660,6158,1232,4435,1150,5,4841139,251133,14313,4723,945,3402,882,4,3713007,192608,4346,1434,287,1033,268,1,1127345,58525
